-- phpMyAdmin SQL Dump
-- version 4.8.5
-- https://www.phpmyadmin.net/
--
-- Host: 127.0.0.1
-- Generation Time: Jul 16, 2019 at 04:08 AM
-- Server version: 10.1.38-MariaDB
-- PHP Version: 7.3.2

SET SQL_MODE = "NO_AUTO_VALUE_ON_ZERO";
SET AUTOCOMMIT = 0;
START TRANSACTION;
SET time_zone = "+00:00";


/*!40101 SET @OLD_CHARACTER_SET_CLIENT=@@CHARACTER_SET_CLIENT */;
/*!40101 SET @OLD_CHARACTER_SET_RESULTS=@@CHARACTER_SET_RESULTS */;
/*!40101 SET @OLD_COLLATION_CONNECTION=@@COLLATION_CONNECTION */;
/*!40101 SET NAMES utf8mb4 */;

--
-- Database: `post`
--

-- --------------------------------------------------------

--
-- Table structure for table `barang`
--

CREATE TABLE `barang` (
  `barang_id` int(11) NOT NULL,
  `kategori_id` int(11) NOT NULL,
  `nama_barang` varchar(100) NOT NULL,
  `harga` int(11) NOT NULL
) ENGINE=InnoDB DEFAULT CHARSET=latin1;

--
-- Dumping data for table `barang`
--

INSERT INTO `barang` (`barang_id`, `kategori_id`, `nama_barang`, `harga`) VALUES
(1, 2, 'NasiPadang', 15000),
(2, 1, 'leeminerale', 3000),
(3, 1, 'Pocarisweet', 7500),
(4, 2, 'rendang', 12000),
(5, 3, 'Jajangmyoen', 15000),
(6, 5, 'Bananamilksweet', 12500);

-- --------------------------------------------------------

--
-- Table structure for table `kategori_barang`
--

CREATE TABLE `kategori_barang` (
  `kategori_id` int(11) NOT NULL,
  `nama_kategori` varchar(50) NOT NULL
) ENGINE=InnoDB DEFAULT CHARSET=latin1;

--
-- Dumping data for table `kategori_barang`
--

INSERT INTO `kategori_barang` (`kategori_id`, `nama_kategori`) VALUES
(1, 'Minuman'),
(2, 'Makanan berat'),
(3, 'mie'),
(5, 'dessert'),
(6, 'Cookies');

-- --------------------------------------------------------

--
-- Table structure for table `operator`
--

CREATE TABLE `operator` (
  `operator_id` int(11) NOT NULL,
  `nama_lengkap` varchar(50) NOT NULL,
  `username` varchar(20) NOT NULL,
  `password` varchar(32) NOT NULL,
  `last_login` date NOT NULL
) ENGINE=InnoDB DEFAULT CHARSET=latin1;

--
-- Dumping data for table `operator`
--

INSERT INTO `operator` (`operator_id`, `nama_lengkap`, `username`, `password`, `last_login`) VALUES
(1, 'sila', 'sila', '430fec17204b2b496578a80d86b121b2', '2019-07-13'),
(2, 'Ong Seong woo', 'ong', 'ddf10d41d5d840f6a7d0079028ddd3d6', '2019-07-13');

-- --------------------------------------------------------

--
-- Table structure for table `transaksi`
--

CREATE TABLE `transaksi` (
  `transaksi_id` int(11) NOT NULL,
  `tanggal_transaksi` date NOT NULL,
  `operator_id` int(11) NOT NULL
) ENGINE=InnoDB DEFAULT CHARSET=latin1;

--
-- Dumping data for table `transaksi`
--

INSERT INTO `transaksi` (`transaksi_id`, `tanggal_transaksi`, `operator_id`) VALUES
(6, '2019-07-13', 2),
(7, '2019-07-13', 2),
(8, '2019-07-13', 1);

-- --------------------------------------------------------

--
-- Table structure for table `transaksi_detail`
--

CREATE TABLE `transaksi_detail` (
  `t_detail_id` int(11) NOT NULL,
  `barang_id` int(11) DEFAULT NULL,
  `transaksi_id` int(11) DEFAULT NULL,
  `qty` int(11) DEFAULT NULL,
  `harga` int(11) DEFAULT NULL,
  `status` enum('0','1','','') NOT NULL
) ENGINE=InnoDB DEFAULT CHARSET=latin1;

--
-- Dumping data for table `transaksi_detail`
--

INSERT INTO `transaksi_detail` (`t_detail_id`, `barang_id`, `transaksi_id`, `qty`, `harga`, `status`) VALUES
(31, 4, 6, 4, 12000, '1'),
(33, 3, 6, 4, 7500, '1'),
(34, 6, 7, 5, 12500, '1'),
(35, 1, 7, 5, 15000, '1'),
(36, 4, 8, 3, 12000, '1'),
(37, 1, 8, 2, 15000, '1');

--
-- Indexes for dumped tables
--

--
-- Indexes for table `barang`
--
ALTER TABLE `barang`
  ADD PRIMARY KEY (`barang_id`),
  ADD KEY `kategori_id` (`kategori_id`);

--
-- Indexes for table `kategori_barang`
--
ALTER TABLE `kategori_barang`
  ADD PRIMARY KEY (`kategori_id`);

--
-- Indexes for table `operator`
--
ALTER TABLE `operator`
  ADD PRIMARY KEY (`operator_id`);

--
-- Indexes for table `transaksi`
--
ALTER TABLE `transaksi`
  ADD PRIMARY KEY (`transaksi_id`),
  ADD KEY `operator_id` (`operator_id`);

--
-- Indexes for table `transaksi_detail`
--
ALTER TABLE `transaksi_detail`
  ADD PRIMARY KEY (`t_detail_id`),
  ADD KEY `transaksi_id` (`transaksi_id`),
  ADD KEY `barang_id` (`barang_id`);

--
-- AUTO_INCREMENT for dumped tables
--

--
-- AUTO_INCREMENT for table `barang`
--
ALTER TABLE `barang`
  MODIFY `barang_id` int(11) NOT NULL AUTO_INCREMENT, AUTO_INCREMENT=7;

--
-- AUTO_INCREMENT for table `kategori_barang`
--
ALTER TABLE `kategori_barang`
  MODIFY `kategori_id` int(11) NOT NULL AUTO_INCREMENT, AUTO_INCREMENT=7;

--
-- AUTO_INCREMENT for table `operator`
--
ALTER TABLE `operator`
  MODIFY `operator_id` int(11) NOT NULL AUTO_INCREMENT, AUTO_INCREMENT=3;

--
-- AUTO_INCREMENT for table `transaksi`
--
ALTER TABLE `transaksi`
  MODIFY `transaksi_id` int(11) NOT NULL AUTO_INCREMENT, AUTO_INCREMENT=9;

--
-- AUTO_INCREMENT for table `transaksi_detail`
--
ALTER TABLE `transaksi_detail`
  MODIFY `t_detail_id` int(11) NOT NULL AUTO_INCREMENT, AUTO_INCREMENT=38;

--
-- Constraints for dumped tables
--

--
-- Constraints for table `barang`
--
ALTER TABLE `barang`
  ADD CONSTRAINT `barang_ibfk_1` FOREIGN KEY (`kategori_id`) REFERENCES `kategori_barang` (`kategori_id`);

--
-- Constraints for table `transaksi`
--
ALTER TABLE `transaksi`
  ADD CONSTRAINT `transaksi_ibfk_1` FOREIGN KEY (`operator_id`) REFERENCES `operator` (`operator_id`);

--
-- Constraints for table `transaksi_detail`
--
ALTER TABLE `transaksi_detail`
  ADD CONSTRAINT `transaksi_detail_ibfk_1` FOREIGN KEY (`transaksi_id`) REFERENCES `transaksi` (`transaksi_id`),
  ADD CONSTRAINT `transaksi_detail_ibfk_2` FOREIGN KEY (`barang_id`) REFERENCES `barang` (`barang_id`);
COMMIT;

/*!40101 SET CHARACTER_SET_CLIENT=@OLD_CHARACTER_SET_CLIENT */;
/*!40101 SET CHARACTER_SET_RESULTS=@OLD_CHARACTER_SET_RESULTS */;
/*!40101 SET COLLATION_CONNECTION=@OLD_COLLATION_CONNECTION */;
